<?xml version="1.0" encoding="UTF-8"?>
<XG5GNRStudy>
 <Techno>4G/5G</Techno>
 <Name>5G NR: Downlink Capacity 0</Name>
 <Display>
  <minZoom>500</minZoom>
  <maxZoom>20000000</maxZoom>
  <visible>Yes</visible>
  <Type>ByIntervals</Type>
  <FieldSelector>8000000a</FieldSelector>
  <FieldDesc>
   <FieldId>8000000a</FieldId>
   <FieldTitle>Peak RLC Channel Throughput (DL) (kbps)</FieldTitle>
  </FieldDesc>
  <Opacity>50</Opacity>
  <Items>
   <Item>
    <Min>50000</Min>
    <Legend>Peak RLC Channel Throughput (DL) (kbps) &gt;=50.000</Legend>
    <MainColor>255 0 0</MainColor>
    <SecondaryColor>0 0 0</SecondaryColor>
    <LineStyle>5</LineStyle>
    <LineWidth>15</LineWidth>
    <FillStyle>1</FillStyle>
   </Item>
   <Item>
    <Min>49000</Min>
    <Legend>Peak RLC Channel Throughput (DL) (kbps) &gt;=49.000</Legend>
    <MainColor>254 18 0</MainColor>
    <SecondaryColor>0 0 0</SecondaryColor>
    <LineStyle>5</LineStyle>
    <LineWidth>15</LineWidth>
    <FillStyle>1</FillStyle>
   </Item>
   <Item>
    <Min>48000</Min>
    <Legend>Peak RLC Channel Throughput (DL) (kbps) &gt;=48.000</Legend>
    <MainColor>254 42 0</MainColor>
    <SecondaryColor>0 0 0</SecondaryColor>
    <LineStyle>5</LineStyle>
    <LineWidth>15</LineWidth>
    <FillStyle>1</FillStyle>
   </Item>
   <Item>
    <Min>47000</Min>
    <Legend>Peak RLC Channel Throughput (DL) (kbps) &gt;=47.000</Legend>
    <MainColor>254 60 0</MainColor>
    <SecondaryColor>0 0 0</SecondaryColor>
    <LineStyle>5</LineStyle>
    <LineWidth>15</LineWidth>
    <FillStyle>1</FillStyle>
   </Item>
   <Item>
    <Min>46000</Min>
    <Legend>Peak RLC Channel Throughput (DL) (kbps) &gt;=46.000</Legend>
    <MainColor>254 85 0</MainColor>
    <SecondaryColor>0 0 0</SecondaryColor>
    <LineStyle>5</LineStyle>
    <LineWidth>15</LineWidth>
    <FillStyle>1</FillStyle>
   </Item>
   <Item>
    <Min>45000</Min>
    <Legend>Peak RLC Channel Throughput (DL) (kbps) &gt;=45.000</Legend>
    <MainColor>254 103 0</MainColor>
    <SecondaryColor>0 0 0</SecondaryColor>
    <LineStyle>5</LineStyle>
    <LineWidth>15</LineWidth>
    <FillStyle>1</FillStyle>
   </Item>
   <Item>
    <Min>44000</Min>
    <Legend>Peak RLC Channel Throughput (DL) (kbps) &gt;=44.000</Legend>
    <MainColor>254 121 0</MainColor>
    <SecondaryColor>0 0 0</SecondaryColor>
    <LineStyle>5</LineStyle>
    <LineWidth>15</LineWidth>
    <FillStyle>1</FillStyle>
   </Item>
   <Item>
    <Min>43000</Min>
    <Legend>Peak RLC Channel Throughput (DL) (kbps) &gt;=43.000</Legend>
    <MainColor>254 145 0</MainColor>
    <SecondaryColor>0 0 0</SecondaryColor>
    <LineStyle>5</LineStyle>
    <LineWidth>15</LineWidth>
    <FillStyle>1</FillStyle>
   </Item>
   <Item>
    <Min>42000</Min>
    <Legend>Peak RLC Channel Throughput (DL) (kbps) &gt;=42.000</Legend>
    <MainColor>254 163 0</MainColor>
    <SecondaryColor>0 0 0</SecondaryColor>
    <LineStyle>5</LineStyle>
    <LineWidth>15</LineWidth>
    <FillStyle>1</FillStyle>
   </Item>
   <Item>
    <Min>41000</Min>
    <Legend>Peak RLC Channel Throughput (DL) (kbps) &gt;=41.000</Legend>
    <MainColor>254 187 0</MainColor>
    <SecondaryColor>0 0 0</SecondaryColor>
    <LineStyle>5</LineStyle>
    <LineWidth>15</LineWidth>
    <FillStyle>1</FillStyle>
   </Item>
   <Item>
    <Min>40000</Min>
    <Legend>Peak RLC Channel Throughput (DL) (kbps) &gt;=40.000</Legend>
    <MainColor>254 206 0</MainColor>
    <SecondaryColor>0 0 0</SecondaryColor>
    <LineStyle>5</LineStyle>
    <LineWidth>15</LineWidth>
    <FillStyle>1</FillStyle>
   </Item>
   <Item>
    <Min>39000</Min>
    <Legend>Peak RLC Channel Throughput (DL) (kbps) &gt;=39.000</Legend>
    <MainColor>254 224 0</MainColor>
    <SecondaryColor>0 0 0</SecondaryColor>
    <LineStyle>5</LineStyle>
    <LineWidth>15</LineWidth>
    <FillStyle>1</FillStyle>
   </Item>
   <Item>
    <Min>38000</Min>
    <Legend>Peak RLC Channel Throughput (DL) (kbps) &gt;=38.000</Legend>
    <MainColor>254 248 0</MainColor>
    <SecondaryColor>0 0 0</SecondaryColor>
    <LineStyle>5</LineStyle>
    <LineWidth>15</LineWidth>
    <FillStyle>1</FillStyle>
   </Item>
   <Item>
    <Min>37000</Min>
    <Legend>Peak RLC Channel Throughput (DL) (kbps) &gt;=37.000</Legend>
    <MainColor>248 254 0</MainColor>
    <SecondaryColor>0 0 0</SecondaryColor>
    <LineStyle>5</LineStyle>
    <LineWidth>15</LineWidth>
    <FillStyle>1</FillStyle>
   </Item>
   <Item>
    <Min>36000</Min>
    <Legend>Peak RLC Channel Throughput (DL) (kbps) &gt;=36.000</Legend>
    <MainColor>224 254 0</MainColor>
    <SecondaryColor>0 0 0</SecondaryColor>
    <LineStyle>5</LineStyle>
    <LineWidth>15</LineWidth>
    <FillStyle>1</FillStyle>
   </Item>
   <Item>
    <Min>35000</Min>
    <Legend>Peak RLC Channel Throughput (DL) (kbps) &gt;=35.000</Legend>
    <MainColor>206 254 0</MainColor>
    <SecondaryColor>0 0 0</SecondaryColor>
    <LineStyle>5</LineStyle>
    <LineWidth>15</LineWidth>
    <FillStyle>1</FillStyle>
   </Item>
   <Item>
    <Min>34000</Min>
    <Legend>Peak RLC Channel Throughput (DL) (kbps) &gt;=34.000</Legend>
    <MainColor>187 254 0</MainColor>
    <SecondaryColor>0 0 0</SecondaryColor>
    <LineStyle>5</LineStyle>
    <LineWidth>15</LineWidth>
    <FillStyle>1</FillStyle>
   </Item>
   <Item>
    <Min>33000</Min>
    <Legend>Peak RLC Channel Throughput (DL) (kbps) &gt;=33.000</Legend>
    <MainColor>163 254 0</MainColor>
    <SecondaryColor>0 0 0</SecondaryColor>
    <LineStyle>5</LineStyle>
    <LineWidth>15</LineWidth>
    <FillStyle>1</FillStyle>
   </Item>
   <Item>
    <Min>32000</Min>
    <Legend>Peak RLC Channel Throughput (DL) (kbps) &gt;=32.000</Legend>
    <MainColor>145 254 0</MainColor>
    <SecondaryColor>0 0 0</SecondaryColor>
    <LineStyle>5</LineStyle>
    <LineWidth>15</LineWidth>
    <FillStyle>1</FillStyle>
   </Item>
   <Item>
    <Min>31000</Min>
    <Legend>Peak RLC Channel Throughput (DL) (kbps) &gt;=31.000</Legend>
    <MainColor>121 254 0</MainColor>
    <SecondaryColor>0 0 0</SecondaryColor>
    <LineStyle>5</LineStyle>
    <LineWidth>15</LineWidth>
    <FillStyle>1</FillStyle>
   </Item>
   <Item>
    <Min>30000</Min>
    <Legend>Peak RLC Channel Throughput (DL) (kbps) &gt;=30.000</Legend>
    <MainColor>103 254 0</MainColor>
    <SecondaryColor>0 0 0</SecondaryColor>
    <LineStyle>5</LineStyle>
    <LineWidth>15</LineWidth>
    <FillStyle>1</FillStyle>
   </Item>
   <Item>
    <Min>29000</Min>
    <Legend>Peak RLC Channel Throughput (DL) (kbps) &gt;=29.000</Legend>
    <MainColor>85 254 0</MainColor>
    <SecondaryColor>0 0 0</SecondaryColor>
    <LineStyle>5</LineStyle>
    <LineWidth>15</LineWidth>
    <FillStyle>1</FillStyle>
   </Item>
   <Item>
    <Min>28000</Min>
    <Legend>Peak RLC Channel Throughput (DL) (kbps) &gt;=28.000</Legend>
    <MainColor>60 254 0</MainColor>
    <SecondaryColor>0 0 0</SecondaryColor>
    <LineStyle>5</LineStyle>
    <LineWidth>15</LineWidth>
    <FillStyle>1</FillStyle>
   </Item>
   <Item>
    <Min>27000</Min>
    <Legend>Peak RLC Channel Throughput (DL) (kbps) &gt;=27.000</Legend>
    <MainColor>42 254 0</MainColor>
    <SecondaryColor>0 0 0</SecondaryColor>
    <LineStyle>5</LineStyle>
    <LineWidth>15</LineWidth>
    <FillStyle>1</FillStyle>
   </Item>
   <Item>
    <Min>26000</Min>
    <Legend>Peak RLC Channel Throughput (DL) (kbps) &gt;=26.000</Legend>
    <MainColor>18 254 0</MainColor>
    <SecondaryColor>0 0 0</SecondaryColor>
    <LineStyle>5</LineStyle>
    <LineWidth>15</LineWidth>
    <FillStyle>1</FillStyle>
   </Item>
   <Item>
    <Min>25000</Min>
    <Legend>Peak RLC Channel Throughput (DL) (kbps) &gt;=25.000</Legend>
    <MainColor>0 254 0</MainColor>
    <SecondaryColor>0 0 0</SecondaryColor>
    <LineStyle>5</LineStyle>
    <LineWidth>15</LineWidth>
    <FillStyle>1</FillStyle>
   </Item>
   <Item>
    <Min>24000</Min>
    <Legend>Peak RLC Channel Throughput (DL) (kbps) &gt;=24.000</Legend>
    <MainColor>0 254 18</MainColor>
    <SecondaryColor>0 0 0</SecondaryColor>
    <LineStyle>5</LineStyle>
    <LineWidth>15</LineWidth>
    <FillStyle>1</FillStyle>
   </Item>
   <Item>
    <Min>23000</Min>
    <Legend>Peak RLC Channel Throughput (DL) (kbps) &gt;=23.000</Legend>
    <MainColor>0 254 42</MainColor>
    <SecondaryColor>0 0 0</SecondaryColor>
    <LineStyle>5</LineStyle>
    <LineWidth>15</LineWidth>
    <FillStyle>1</FillStyle>
   </Item>
   <Item>
    <Min>22000</Min>
    <Legend>Peak RLC Channel Throughput (DL) (kbps) &gt;=22.000</Legend>
    <MainColor>0 254 60</MainColor>
    <SecondaryColor>0 0 0</SecondaryColor>
    <LineStyle>5</LineStyle>
    <LineWidth>15</LineWidth>
    <FillStyle>1</FillStyle>
   </Item>
   <Item>
    <Min>21000</Min>
    <Legend>Peak RLC Channel Throughput (DL) (kbps) &gt;=21.000</Legend>
    <MainColor>0 254 85</MainColor>
    <SecondaryColor>0 0 0</SecondaryColor>
    <LineStyle>5</LineStyle>
    <LineWidth>15</LineWidth>
    <FillStyle>1</FillStyle>
   </Item>
   <Item>
    <Min>20000</Min>
    <Legend>Peak RLC Channel Throughput (DL) (kbps) &gt;=20.000</Legend>
    <MainColor>0 254 103</MainColor>
    <SecondaryColor>0 0 0</SecondaryColor>
    <LineStyle>5</LineStyle>
    <LineWidth>15</LineWidth>
    <FillStyle>1</FillStyle>
   </Item>
   <Item>
    <Min>19000</Min>
    <Legend>Peak RLC Channel Throughput (DL) (kbps) &gt;=19.000</Legend>
    <MainColor>0 254 121</MainColor>
    <SecondaryColor>0 0 0</SecondaryColor>
    <LineStyle>5</LineStyle>
    <LineWidth>15</LineWidth>
    <FillStyle>1</FillStyle>
   </Item>
   <Item>
    <Min>18000</Min>
    <Legend>Peak RLC Channel Throughput (DL) (kbps) &gt;=18.000</Legend>
    <MainColor>0 254 145</MainColor>
    <SecondaryColor>0 0 0</SecondaryColor>
    <LineStyle>5</LineStyle>
    <LineWidth>15</LineWidth>
    <FillStyle>1</FillStyle>
   </Item>
   <Item>
    <Min>17000</Min>
    <Legend>Peak RLC Channel Throughput (DL) (kbps) &gt;=17.000</Legend>
    <MainColor>0 254 163</MainColor>
    <SecondaryColor>0 0 0</SecondaryColor>
    <LineStyle>5</LineStyle>
    <LineWidth>15</LineWidth>
    <FillStyle>1</FillStyle>
   </Item>
   <Item>
    <Min>16000</Min>
    <Legend>Peak RLC Channel Throughput (DL) (kbps) &gt;=16.000</Legend>
    <MainColor>0 254 187</MainColor>
    <SecondaryColor>0 0 0</SecondaryColor>
    <LineStyle>5</LineStyle>
    <LineWidth>15</LineWidth>
    <FillStyle>1</FillStyle>
   </Item>
   <Item>
    <Min>15000</Min>
    <Legend>Peak RLC Channel Throughput (DL) (kbps) &gt;=15.000</Legend>
    <MainColor>0 254 206</MainColor>
    <SecondaryColor>0 0 0</SecondaryColor>
    <LineStyle>5</LineStyle>
    <LineWidth>15</LineWidth>
    <FillStyle>1</FillStyle>
   </Item>
   <Item>
    <Min>14000</Min>
    <Legend>Peak RLC Channel Throughput (DL) (kbps) &gt;=14.000</Legend>
    <MainColor>0 254 224</MainColor>
    <SecondaryColor>0 0 0</SecondaryColor>
    <LineStyle>5</LineStyle>
    <LineWidth>15</LineWidth>
    <FillStyle>1</FillStyle>
   </Item>
   <Item>
    <Min>13000</Min>
    <Legend>Peak RLC Channel Throughput (DL) (kbps) &gt;=13.000</Legend>
    <MainColor>0 254 248</MainColor>
    <SecondaryColor>0 0 0</SecondaryColor>
    <LineStyle>5</LineStyle>
    <LineWidth>15</LineWidth>
    <FillStyle>1</FillStyle>
   </Item>
   <Item>
    <Min>12000</Min>
    <Legend>Peak RLC Channel Throughput (DL) (kbps) &gt;=12.000</Legend>
    <MainColor>0 248 254</MainColor>
    <SecondaryColor>0 0 0</SecondaryColor>
    <LineStyle>5</LineStyle>
    <LineWidth>15</LineWidth>
    <FillStyle>1</FillStyle>
   </Item>
   <Item>
    <Min>11000</Min>
    <Legend>Peak RLC Channel Throughput (DL) (kbps) &gt;=11.000</Legend>
    <MainColor>0 224 254</MainColor>
    <SecondaryColor>0 0 0</SecondaryColor>
    <LineStyle>5</LineStyle>
    <LineWidth>15</LineWidth>
    <FillStyle>1</FillStyle>
   </Item>
   <Item>
    <Min>10000</Min>
    <Legend>Peak RLC Channel Throughput (DL) (kbps) &gt;=10.000</Legend>
    <MainColor>0 206 254</MainColor>
    <SecondaryColor>0 0 0</SecondaryColor>
    <LineStyle>5</LineStyle>
    <LineWidth>15</LineWidth>
    <FillStyle>1</FillStyle>
   </Item>
   <Item>
    <Min>9000</Min>
    <Legend>Peak RLC Channel Throughput (DL) (kbps) &gt;=9.000</Legend>
    <MainColor>0 187 254</MainColor>
    <SecondaryColor>0 0 0</SecondaryColor>
    <LineStyle>5</LineStyle>
    <LineWidth>15</LineWidth>
    <FillStyle>1</FillStyle>
   </Item>
   <Item>
    <Min>8000</Min>
    <Legend>Peak RLC Channel Throughput (DL) (kbps) &gt;=8.000</Legend>
    <MainColor>0 163 254</MainColor>
    <SecondaryColor>0 0 0</SecondaryColor>
    <LineStyle>5</LineStyle>
    <LineWidth>15</LineWidth>
    <FillStyle>1</FillStyle>
   </Item>
   <Item>
    <Min>7000</Min>
    <Legend>Peak RLC Channel Throughput (DL) (kbps) &gt;=7.000</Legend>
    <MainColor>0 145 254</MainColor>
    <SecondaryColor>0 0 0</SecondaryColor>
    <LineStyle>5</LineStyle>
    <LineWidth>15</LineWidth>
    <FillStyle>1</FillStyle>
   </Item>
   <Item>
    <Min>6000</Min>
    <Legend>Peak RLC Channel Throughput (DL) (kbps) &gt;=6.000</Legend>
    <MainColor>0 121 254</MainColor>
    <SecondaryColor>0 0 0</SecondaryColor>
    <LineStyle>5</LineStyle>
    <LineWidth>15</LineWidth>
    <FillStyle>1</FillStyle>
   </Item>
   <Item>
    <Min>5000</Min>
    <Legend>Peak RLC Channel Throughput (DL) (kbps) &gt;=5.000</Legend>
    <MainColor>0 103 254</MainColor>
    <SecondaryColor>0 0 0</SecondaryColor>
    <LineStyle>5</LineStyle>
    <LineWidth>15</LineWidth>
    <FillStyle>1</FillStyle>
   </Item>
   <Item>
    <Min>4000</Min>
    <Legend>Peak RLC Channel Throughput (DL) (kbps) &gt;=4.000</Legend>
    <MainColor>0 85 254</MainColor>
    <SecondaryColor>0 0 0</SecondaryColor>
    <LineStyle>5</LineStyle>
    <LineWidth>15</LineWidth>
    <FillStyle>1</FillStyle>
   </Item>
   <Item>
    <Min>3000</Min>
    <Legend>Peak RLC Channel Throughput (DL) (kbps) &gt;=3.000</Legend>
    <MainColor>0 60 254</MainColor>
    <SecondaryColor>0 0 0</SecondaryColor>
    <LineStyle>5</LineStyle>
    <LineWidth>15</LineWidth>
    <FillStyle>1</FillStyle>
   </Item>
   <Item>
    <Min>2000</Min>
    <Legend>Peak RLC Channel Throughput (DL) (kbps) &gt;=2.000</Legend>
    <MainColor>0 42 254</MainColor>
    <SecondaryColor>0 0 0</SecondaryColor>
    <LineStyle>5</LineStyle>
    <LineWidth>15</LineWidth>
    <FillStyle>1</FillStyle>
   </Item>
   <Item>
    <Min>1000</Min>
    <Legend>Peak RLC Channel Throughput (DL) (kbps) &gt;=1.000</Legend>
    <MainColor>0 18 254</MainColor>
    <SecondaryColor>0 0 0</SecondaryColor>
    <LineStyle>5</LineStyle>
    <LineWidth>15</LineWidth>
    <FillStyle>1</FillStyle>
   </Item>
   <Item>
    <Min>0</Min>
    <Legend>Peak RLC Channel Throughput (DL) (kbps) &gt;=0</Legend>
    <MainColor>0 0 255</MainColor>
    <SecondaryColor>0 0 0</SecondaryColor>
    <LineStyle>5</LineStyle>
    <LineWidth>15</LineWidth>
    <FillStyle>1</FillStyle>
   </Item>
  </Items>
  <DataTips>
   <Item>c0000000</Item>
   <FieldDesc>
    <FieldId>c0000000</FieldId>
    <FieldTitle>Prediction name</FieldTitle>
   </FieldDesc>
   <Item>c0000001</Item>
   <FieldDesc>
    <FieldId>c0000001</FieldId>
    <FieldTitle>Legend</FieldTitle>
   </FieldDesc>
  </DataTips>
 </Display>
 <AddToLegend>1</AddToLegend>
 <CurrentVersion>34</CurrentVersion>
 <Resolution>50</Resolution>
 <GUID>{5E60B672-A3FF-4512-862F-7B6C6446A446}</GUID>
 <LockedStudy>0</LockedStudy>
 <ComputeHisto>1</ComputeHisto>
 <HistoPerTx>0</HistoPerTx>
 <HistoLabel></HistoLabel>
 <Network>5G</Network>
 <MDTs>
  <UseMdt>0</UseMdt>
  <TuningType>1</TuningType>
  <PostProcessing>0</PostProcessing>
  <MinCount>4</MinCount>
  <FillHoleOption>0</FillHoleOption>
  <DistanceMax>200</DistanceMax>
  <MdtItems></MdtItems>
 </MDTs>
 <Conditions>
  <Type>8</Type>
  <Terminal>5G Smartphone</Terminal>
  <Mobility>50 km/h</Mobility>
  <Service>Broadband</Service>
  <Layer></Layer>
  <Channel></Channel>
  <Server>31</Server>
  <Reliability>0.75</Reliability>
  <ReliabilityType>0</ReliabilityType>
  <Indoor>0</Indoor>
  <WithShadowing>0</WithShadowing>
  <TXsClustering>0</TXsClustering>
  <BestServerCalcType>266</BestServerCalcType>
  <WithOverlapMargin>0</WithOverlapMargin>
  <OverlapMargin>0</OverlapMargin>
 </Conditions>
</XG5GNRStudy>