<metadata xml:lang="en"><Esri><CreaDate>20180405</CreaDate><CreaTime>15472000</CreaTime><ArcGISFormat>1.0</ArcGISFormat><SyncOnce>FALSE</SyncOnce><DataProperties><lineage><Process ToolSource="c:\program files (x86)\arcgis\desktop10.5\ArcToolbox\Toolboxes\Data Management Tools.tbx\DeleteIdentical" Date="20180405" Time="154720">DeleteIdentical "Jaring Kontrol Geodesi\Stasiun CORS" OBJECTID_1;ID_DATABAS;ID_PILAR;ID;SITECODE;LATAPR;LONAPR;LNTANG_DD;BUJUR_DD;X;Y;Z;SIGMAX;SIGMAY;SIGMAZ;PROVINSI;KABUPATEN;KECAMATAN;DESA_KELUR;MENONJOL;LOKASI;URAIAN_LOK;AKSES_LOKA;REMARK;VX;VY;VZ;VU;VT;VV;PILAR;PENGELOLA;VAEPST;LINTANG_DE;LINTANG_ME;LINTANG__1;LINTANG_NS;BUJUR_DERA;BUJUR_MENI;BUJUR_DETI;BUJUR_EW;SKETSA_UMU;FOTO_BOX;FOTO_PILAR;FOTO_KANTO;PERAWATAN_;SURVEYOR;pemeriksa;REC;ANT;RADOME;HANT;COMM;THNPMN;KET_ANT;TGL_UPDATE;Shape # 0</Process><Process ToolSource="c:\program files (x86)\arcgis\desktop10.2\ArcToolbox\Toolboxes\Data Management Tools.tbx\DeleteIdentical" Date="20180405" Time="155425">DeleteIdentical "Jaring Kontrol Geodesi\Stasiun CORS" OBJECTID_1;ID_DATABAS;ID_PILAR;ID;SITECODE;LATAPR;LONAPR;LNTANG_DD;BUJUR_DD;X;Y;Z;SIGMAX;SIGMAY;SIGMAZ;PROVINSI;KABUPATEN;KECAMATAN;DESA_KELUR;MENONJOL;LOKASI;URAIAN_LOK;AKSES_LOKA;REMARK;VX;VY;VZ;VU;VT;VV;PILAR;PENGELOLA;VAEPST;LINTANG_DE;LINTANG_ME;LINTANG__1;LINTANG_NS;BUJUR_DERA;BUJUR_MENI;BUJUR_DETI;BUJUR_EW;SKETSA_UMU;FOTO_BOX;FOTO_PILAR;FOTO_KANTO;PERAWATAN_;SURVEYOR;pemeriksa;REC;ANT;RADOME;HANT;COMM;THNPMN;KET_ANT;TGL_UPDATE;Shape # 0</Process><Process ToolSource="c:\program files (x86)\arcgis\desktop10.2\ArcToolbox\Toolboxes\Data Management Tools.tbx\DeleteIdentical" Date="20180405" Time="155736">DeleteIdentical "Jaring Kontrol Geodesi\Stasiun CORS" OBJECTID_1;ID_DATABAS;ID_PILAR;ID;SITECODE;LATAPR;LONAPR;LNTANG_DD;BUJUR_DD;X;Y;Z;SIGMAX;SIGMAY;SIGMAZ;PROVINSI;KABUPATEN;KECAMATAN;DESA_KELUR;MENONJOL;LOKASI;URAIAN_LOK;AKSES_LOKA;REMARK;VX;VY;VZ;VU;VT;VV;PILAR;PENGELOLA;VAEPST;LINTANG_DE;LINTANG_ME;LINTANG__1;LINTANG_NS;BUJUR_DERA;BUJUR_MENI;BUJUR_DETI;BUJUR_EW;SKETSA_UMU;FOTO_BOX;FOTO_PILAR;FOTO_KANTO;PERAWATAN_;SURVEYOR;pemeriksa;REC;ANT;RADOME;HANT;COMM;THNPMN;KET_ANT;TGL_UPDATE;Shape # 0</Process><Process ToolSource="c:\program files (x86)\arcgis\desktop10.5\ArcToolbox\Toolboxes\Conversion Tools.tbx\FeatureClassToFeatureClass" Date="20190115" Time="161845">FeatureClassToFeatureClass D:\BIG\D\PJKGG\UPDATE_6DES18\JKG.gdb\CORS "Database Connections\Connection to d00dbs.ina-sdi.local 25K.sde\RBI25K.REFERENSISPASIAL" STASIUNCORS_PT_25K # "OBJECTID_1 "OBJECTID_1" true true false 8 Double 0 0 ,First,#,D:\BIG\D\PJKGG\UPDATE_6DES18\JKG.gdb\CORS,OBJECTID_1,-1,-1;ID_DATABAS "ID_DATABAS" true true false 255 Text 0 0 ,First,#,D:\BIG\D\PJKGG\UPDATE_6DES18\JKG.gdb\CORS,ID_DATABAS,-1,-1;ID_PILAR "ID_PILAR" true true false 255 Text 0 0 ,First,#,D:\BIG\D\PJKGG\UPDATE_6DES18\JKG.gdb\CORS,ID_PILAR,-1,-1;ID "ID" true true false 255 Text 0 0 ,First,#,D:\BIG\D\PJKGG\UPDATE_6DES18\JKG.gdb\CORS,ID,-1,-1;SITECODE "SITECODE" true true false 255 Text 0 0 ,First,#,D:\BIG\D\PJKGG\UPDATE_6DES18\JKG.gdb\CORS,SITECODE,-1,-1;LATAPR "LATAPR" true true false 255 Text 0 0 ,First,#,D:\BIG\D\PJKGG\UPDATE_6DES18\JKG.gdb\CORS,LATAPR,-1,-1;LONAPR "LONAPR" true true false 255 Text 0 0 ,First,#,D:\BIG\D\PJKGG\UPDATE_6DES18\JKG.gdb\CORS,LONAPR,-1,-1;LNTANG_DD "LNTANG_DD" true true false 8 Double 0 0 ,First,#,D:\BIG\D\PJKGG\UPDATE_6DES18\JKG.gdb\CORS,LNTANG_DD,-1,-1;BUJUR_DD "BUJUR_DD" true true false 8 Double 0 0 ,First,#,D:\BIG\D\PJKGG\UPDATE_6DES18\JKG.gdb\CORS,BUJUR_DD,-1,-1;X "X" true true false 8 Double 0 0 ,First,#,D:\BIG\D\PJKGG\UPDATE_6DES18\JKG.gdb\CORS,X,-1,-1;Y "Y" true true false 8 Double 0 0 ,First,#,D:\BIG\D\PJKGG\UPDATE_6DES18\JKG.gdb\CORS,Y,-1,-1;Z "Z" true true false 8 Double 0 0 ,First,#,D:\BIG\D\PJKGG\UPDATE_6DES18\JKG.gdb\CORS,Z,-1,-1;SIGMAX "SIGMAX" true true false 8 Double 0 0 ,First,#,D:\BIG\D\PJKGG\UPDATE_6DES18\JKG.gdb\CORS,SIGMAX,-1,-1;SIGMAY "SIGMAY" true true false 8 Double 0 0 ,First,#,D:\BIG\D\PJKGG\UPDATE_6DES18\JKG.gdb\CORS,SIGMAY,-1,-1;SIGMAZ "SIGMAZ" true true false 8 Double 0 0 ,First,#,D:\BIG\D\PJKGG\UPDATE_6DES18\JKG.gdb\CORS,SIGMAZ,-1,-1;PROVINSI "PROVINSI" true true false 255 Text 0 0 ,First,#,D:\BIG\D\PJKGG\UPDATE_6DES18\JKG.gdb\CORS,PROVINSI,-1,-1;KABUPATEN "KABUPATEN" true true false 255 Text 0 0 ,First,#,D:\BIG\D\PJKGG\UPDATE_6DES18\JKG.gdb\CORS,KABUPATEN,-1,-1;KECAMATAN "KECAMATAN" true true false 255 Text 0 0 ,First,#,D:\BIG\D\PJKGG\UPDATE_6DES18\JKG.gdb\CORS,KECAMATAN,-1,-1;DESA_KELUR "DESA_KELUR" true true false 255 Text 0 0 ,First,#,D:\BIG\D\PJKGG\UPDATE_6DES18\JKG.gdb\CORS,DESA_KELUR,-1,-1;MENONJOL "MENONJOL" true true false 255 Text 0 0 ,First,#,D:\BIG\D\PJKGG\UPDATE_6DES18\JKG.gdb\CORS,MENONJOL,-1,-1;LOKASI "LOKASI" true true false 255 Text 0 0 ,First,#,D:\BIG\D\PJKGG\UPDATE_6DES18\JKG.gdb\CORS,LOKASI,-1,-1;URAIAN_LOK "URAIAN_LOK" true true false 255 Text 0 0 ,First,#,D:\BIG\D\PJKGG\UPDATE_6DES18\JKG.gdb\CORS,URAIAN_LOK,-1,-1;AKSES_LOKA "AKSES_LOKA" true true false 255 Text 0 0 ,First,#,D:\BIG\D\PJKGG\UPDATE_6DES18\JKG.gdb\CORS,AKSES_LOKA,-1,-1;REMARK "REMARK" true true false 255 Text 0 0 ,First,#,D:\BIG\D\PJKGG\UPDATE_6DES18\JKG.gdb\CORS,REMARK,-1,-1;VX "VX" true true false 8 Double 0 0 ,First,#,D:\BIG\D\PJKGG\UPDATE_6DES18\JKG.gdb\CORS,VX,-1,-1;VY "VY" true true false 8 Double 0 0 ,First,#,D:\BIG\D\PJKGG\UPDATE_6DES18\JKG.gdb\CORS,VY,-1,-1;VZ "VZ" true true false 8 Double 0 0 ,First,#,D:\BIG\D\PJKGG\UPDATE_6DES18\JKG.gdb\CORS,VZ,-1,-1;VU "VU" true true false 8 Double 0 0 ,First,#,D:\BIG\D\PJKGG\UPDATE_6DES18\JKG.gdb\CORS,VU,-1,-1;VT "VT" true true false 8 Double 0 0 ,First,#,D:\BIG\D\PJKGG\UPDATE_6DES18\JKG.gdb\CORS,VT,-1,-1;VV "VV" true true false 8 Double 0 0 ,First,#,D:\BIG\D\PJKGG\UPDATE_6DES18\JKG.gdb\CORS,VV,-1,-1;PILAR "PILAR" true true false 255 Text 0 0 ,First,#,D:\BIG\D\PJKGG\UPDATE_6DES18\JKG.gdb\CORS,PILAR,-1,-1;PENGELOLA "PENGELOLA" true true false 255 Text 0 0 ,First,#,D:\BIG\D\PJKGG\UPDATE_6DES18\JKG.gdb\CORS,PENGELOLA,-1,-1;VAEPST "VAEPST" true true false 8 Double 0 0 ,First,#,D:\BIG\D\PJKGG\UPDATE_6DES18\JKG.gdb\CORS,VAEPST,-1,-1;LINTANG_DE "LINTANG_DE" true true false 8 Double 0 0 ,First,#,D:\BIG\D\PJKGG\UPDATE_6DES18\JKG.gdb\CORS,LINTANG_DE,-1,-1;LINTANG_ME "LINTANG_ME" true true false 8 Double 0 0 ,First,#,D:\BIG\D\PJKGG\UPDATE_6DES18\JKG.gdb\CORS,LINTANG_ME,-1,-1;LINTANG__1 "LINTANG__1" true true false 8 Double 0 0 ,First,#,D:\BIG\D\PJKGG\UPDATE_6DES18\JKG.gdb\CORS,LINTANG__1,-1,-1;LINTANG_NS "LINTANG_NS" true true false 255 Text 0 0 ,First,#,D:\BIG\D\PJKGG\UPDATE_6DES18\JKG.gdb\CORS,LINTANG_NS,-1,-1;BUJUR_DERA "BUJUR_DERA" true true false 8 Double 0 0 ,First,#,D:\BIG\D\PJKGG\UPDATE_6DES18\JKG.gdb\CORS,BUJUR_DERA,-1,-1;BUJUR_MENI "BUJUR_MENI" true true false 8 Double 0 0 ,First,#,D:\BIG\D\PJKGG\UPDATE_6DES18\JKG.gdb\CORS,BUJUR_MENI,-1,-1;BUJUR_DETI "BUJUR_DETI" true true false 8 Double 0 0 ,First,#,D:\BIG\D\PJKGG\UPDATE_6DES18\JKG.gdb\CORS,BUJUR_DETI,-1,-1;BUJUR_EW "BUJUR_EW" true true false 255 Text 0 0 ,First,#,D:\BIG\D\PJKGG\UPDATE_6DES18\JKG.gdb\CORS,BUJUR_EW,-1,-1;SKETSA_UMU "SKETSA_UMU" true true false 255 Text 0 0 ,First,#,D:\BIG\D\PJKGG\UPDATE_6DES18\JKG.gdb\CORS,SKETSA_UMU,-1,-1;FOTO_BOX "FOTO_BOX" true true false 255 Text 0 0 ,First,#,D:\BIG\D\PJKGG\UPDATE_6DES18\JKG.gdb\CORS,FOTO_BOX,-1,-1;FOTO_PILAR "FOTO_PILAR" true true false 255 Text 0 0 ,First,#,D:\BIG\D\PJKGG\UPDATE_6DES18\JKG.gdb\CORS,FOTO_PILAR,-1,-1;FOTO_KANTO "FOTO_KANTO" true true false 255 Text 0 0 ,First,#,D:\BIG\D\PJKGG\UPDATE_6DES18\JKG.gdb\CORS,FOTO_KANTO,-1,-1;PERAWATAN_ "PERAWATAN_" true true false 255 Text 0 0 ,First,#,D:\BIG\D\PJKGG\UPDATE_6DES18\JKG.gdb\CORS,PERAWATAN_,-1,-1;SURVEYOR "SURVEYOR" true true false 255 Text 0 0 ,First,#,D:\BIG\D\PJKGG\UPDATE_6DES18\JKG.gdb\CORS,SURVEYOR,-1,-1;pemeriksa "pemeriksa" true true false 255 Text 0 0 ,First,#,D:\BIG\D\PJKGG\UPDATE_6DES18\JKG.gdb\CORS,pemeriksa,-1,-1;REC "REC" true true false 255 Text 0 0 ,First,#,D:\BIG\D\PJKGG\UPDATE_6DES18\JKG.gdb\CORS,REC,-1,-1;ANT "ANT" true true false 255 Text 0 0 ,First,#,D:\BIG\D\PJKGG\UPDATE_6DES18\JKG.gdb\CORS,ANT,-1,-1;RADOME "RADOME" true true false 255 Text 0 0 ,First,#,D:\BIG\D\PJKGG\UPDATE_6DES18\JKG.gdb\CORS,RADOME,-1,-1;HANT "HANT" true true false 8 Double 0 0 ,First,#,D:\BIG\D\PJKGG\UPDATE_6DES18\JKG.gdb\CORS,HANT,-1,-1;COMM "COMM" true true false 255 Text 0 0 ,First,#,D:\BIG\D\PJKGG\UPDATE_6DES18\JKG.gdb\CORS,COMM,-1,-1;THNPMN "THNPMN" true true false 8 Double 0 0 ,First,#,D:\BIG\D\PJKGG\UPDATE_6DES18\JKG.gdb\CORS,THNPMN,-1,-1;KET_ANT "KET_ANT" true true false 255 Text 0 0 ,First,#,D:\BIG\D\PJKGG\UPDATE_6DES18\JKG.gdb\CORS,KET_ANT,-1,-1;TGL_UPDATE "TGL_UPDATE" true true false 8 Date 0 0 ,First,#,D:\BIG\D\PJKGG\UPDATE_6DES18\JKG.gdb\CORS,TGL_UPDATE,-1,-1" #</Process><Process ToolSource="c:\program files (x86)\arcgis\desktop10.8\ArcToolbox\Toolboxes\Analysis Tools.tbx\Clip" Date="20221225" Time="190804">Clip RBI25K.STASIUNCORS_PT_25K D:/Data/Clip_RBI/_NuClip/Jambi/25K/diss/diss_KotaJambi_idx_.shp D:\Data\Clip_RBI\_NuClip\Jambi\25K\clip\KotaJambi\RBI25K_STASIUNCORS_PT_25K.shp #</Process></lineage><itemProps><itemName Sync="TRUE">RBI25K_STASIUNCORS_PT_25K</itemName><imsContentType Sync="TRUE">002</imsContentType><itemLocation><linkage Sync="TRUE">file://\\DESKTOP-G0PEJV2\D\Data\Clip_RBI\_NuClip\Jambi\25K\clip\KotaJambi\RBI25K_STASIUNCORS_PT_25K.shp</linkage><protocol Sync="TRUE">Local Area Network</protocol></itemLocation><itemSize Sync="TRUE">0.000</itemSize></itemProps><coordRef><type Sync="TRUE">Geographic</type><geogcsn Sync="TRUE">GCS_WGS_1984</geogcsn><csUnits Sync="TRUE">Angular Unit: Degree (0.017453)</csUnits><peXml Sync="TRUE">&lt;GeographicCoordinateSystem xsi:type='typens:GeographicCoordinateSystem' xmlns:xsi='http://www.w3.org/2001/XMLSchema-instance' xmlns:xs='http://www.w3.org/2001/XMLSchema' xmlns:typens='http://www.esri.com/schemas/ArcGIS/10.8'&gt;&lt;WKT&gt;GEOGCS[&amp;quot;GCS_WGS_1984&amp;quot;,DATUM[&amp;quot;D_WGS_1984&amp;quot;,SPHEROID[&amp;quot;WGS_1984&amp;quot;,6378137.0,298.257223563]],PRIMEM[&amp;quot;Greenwich&amp;quot;,0.0],UNIT[&amp;quot;Degree&amp;quot;,0.0174532925199433]],VERTCS[&amp;quot;EGM2008_Geoid&amp;quot;,VDATUM[&amp;quot;EGM2008_Geoid&amp;quot;],PARAMETER[&amp;quot;Vertical_Shift&amp;quot;,0.0],PARAMETER[&amp;quot;Direction&amp;quot;,1.0],UNIT[&amp;quot;Meter&amp;quot;,1.0]]&lt;/WKT&gt;&lt;XOrigin&gt;-400&lt;/XOrigin&gt;&lt;YOrigin&gt;-400&lt;/YOrigin&gt;&lt;XYScale&gt;11258999068426.238&lt;/XYScale&gt;&lt;ZOrigin&gt;-100000&lt;/ZOrigin&gt;&lt;ZScale&gt;10000&lt;/ZScale&gt;&lt;MOrigin&gt;-100000&lt;/MOrigin&gt;&lt;MScale&gt;10000&lt;/MScale&gt;&lt;XYTolerance&gt;8.983152841195215e-09&lt;/XYTolerance&gt;&lt;ZTolerance&gt;0.001&lt;/ZTolerance&gt;&lt;MTolerance&gt;0.001&lt;/MTolerance&gt;&lt;HighPrecision&gt;true&lt;/HighPrecision&gt;&lt;LeftLongitude&gt;-180&lt;/LeftLongitude&gt;&lt;WKID&gt;4326&lt;/WKID&gt;&lt;LatestWKID&gt;4326&lt;/LatestWKID&gt;&lt;VCSWKID&gt;105790&lt;/VCSWKID&gt;&lt;LatestVCSWKID&gt;3855&lt;/LatestVCSWKID&gt;&lt;/GeographicCoordinateSystem&gt;</peXml></coordRef></DataProperties><SyncDate>20221225</SyncDate><SyncTime>19080400</SyncTime><ModDate>20221225</ModDate><ModTime>19080400</ModTime></Esri><dataIdInfo><envirDesc Sync="TRUE"> Version 6.2 (Build 9200) ; Esri ArcGIS 10.8.1.14362</envirDesc><dataLang><languageCode value="ind" Sync="TRUE"></languageCode><countryCode value="IDN" Sync="TRUE"></countryCode></dataLang><idCitation><resTitle Sync="TRUE">RBI25K_STASIUNCORS_PT_25K</resTitle><presForm><PresFormCd value="005" Sync="TRUE"></PresFormCd></presForm></idCitation><spatRpType><SpatRepTypCd value="001" Sync="TRUE"></SpatRepTypCd></spatRpType></dataIdInfo><mdLang><languageCode value="ind" Sync="TRUE"></languageCode><countryCode value="IDN" Sync="TRUE"></countryCode></mdLang><distInfo><distFormat><formatName Sync="TRUE">Shapefile</formatName></distFormat><distTranOps><transSize Sync="TRUE">0.000</transSize></distTranOps></distInfo><mdHrLv><ScopeCd value="005" Sync="TRUE"></ScopeCd></mdHrLv><mdHrLvName Sync="TRUE">dataset</mdHrLvName><refSysInfo><RefSystem><refSysID><identCode code="4326" Sync="TRUE"></identCode><idCodeSpace Sync="TRUE">EPSG</idCodeSpace><idVersion Sync="TRUE">6.14(3.0.1)</idVersion></refSysID></RefSystem></refSysInfo><spatRepInfo><VectSpatRep><geometObjs Name="RBI25K_STASIUNCORS_PT_25K"><geoObjTyp><GeoObjTypCd value="004" Sync="TRUE"></GeoObjTypCd></geoObjTyp><geoObjCnt Sync="TRUE">0</geoObjCnt></geometObjs><topLvl><TopoLevCd value="001" Sync="TRUE"></TopoLevCd></topLvl></VectSpatRep></spatRepInfo><spdoinfo><ptvctinf><esriterm Name="RBI25K_STASIUNCORS_PT_25K"><efeatyp Sync="TRUE">Simple</efeatyp><efeageom code="1" Sync="TRUE"></efeageom><esritopo Sync="TRUE">FALSE</esritopo><efeacnt Sync="TRUE">0</efeacnt><spindex Sync="TRUE">FALSE</spindex><linrefer Sync="TRUE">TRUE</linrefer></esriterm></ptvctinf></spdoinfo><eainfo><detailed Name="RBI25K_STASIUNCORS_PT_25K"><enttyp><enttypl Sync="TRUE">RBI25K_STASIUNCORS_PT_25K</enttypl><enttypt Sync="TRUE">Feature Class</enttypt><enttypc Sync="TRUE">0</enttypc></enttyp><attr><attrlabl Sync="TRUE">FID</attrlabl><attalias Sync="TRUE">FID</attalias><attrtype Sync="TRUE">OID</attrtype><attwidth Sync="TRUE">4</attwidth><atprecis Sync="TRUE">0</atprecis><attscale Sync="TRUE">0</attscale><attrdef Sync="TRUE">Internal feature number.</attrdef><attrdefs Sync="TRUE">Esri</attrdefs><attrdomv><udom Sync="TRUE">Sequential unique whole numbers that are automatically generated.</udom></attrdomv></attr><attr><attrlabl Sync="TRUE">OBJECTID_1</attrlabl><attalias Sync="TRUE">OBJECTID_1</attalias><attrtype Sync="TRUE">Double</attrtype><attwidth Sync="TRUE">19</attwidth><atprecis Sync="TRUE">18</atprecis><attscale Sync="TRUE">8</attscale></attr><attr><attrlabl Sync="TRUE">ID_DATABAS</attrlabl><attalias Sync="TRUE">ID_DATABAS</attalias><attrtype Sync="TRUE">String</attrtype><attwidth Sync="TRUE">254</attwidth><atprecis Sync="TRUE">0</atprecis><attscale Sync="TRUE">0</attscale></attr><attr><attrlabl Sync="TRUE">ID_PILAR</attrlabl><attalias Sync="TRUE">ID_PILAR</attalias><attrtype Sync="TRUE">String</attrtype><attwidth Sync="TRUE">254</attwidth><atprecis Sync="TRUE">0</atprecis><attscale Sync="TRUE">0</attscale></attr><attr><attrlabl Sync="TRUE">ID</attrlabl><attalias Sync="TRUE">ID</attalias><attrtype Sync="TRUE">String</attrtype><attwidth Sync="TRUE">254</attwidth><atprecis Sync="TRUE">0</atprecis><attscale Sync="TRUE">0</attscale></attr><attr><attrlabl Sync="TRUE">SITECODE</attrlabl><attalias Sync="TRUE">SITECODE</attalias><attrtype Sync="TRUE">String</attrtype><attwidth Sync="TRUE">254</attwidth><atprecis Sync="TRUE">0</atprecis><attscale Sync="TRUE">0</attscale></attr><attr><attrlabl Sync="TRUE">LATAPR</attrlabl><attalias Sync="TRUE">LATAPR</attalias><attrtype Sync="TRUE">String</attrtype><attwidth Sync="TRUE">254</attwidth><atprecis Sync="TRUE">0</atprecis><attscale Sync="TRUE">0</attscale></attr><attr><attrlabl Sync="TRUE">LONAPR</attrlabl><attalias Sync="TRUE">LONAPR</attalias><attrtype Sync="TRUE">String</attrtype><attwidth Sync="TRUE">254</attwidth><atprecis Sync="TRUE">0</atprecis><attscale Sync="TRUE">0</attscale></attr><attr><attrlabl Sync="TRUE">LNTANG_DD</attrlabl><attalias Sync="TRUE">LNTANG_DD</attalias><attrtype Sync="TRUE">Double</attrtype><attwidth Sync="TRUE">19</attwidth><atprecis Sync="TRUE">18</atprecis><attscale Sync="TRUE">8</attscale></attr><attr><attrlabl Sync="TRUE">BUJUR_DD</attrlabl><attalias Sync="TRUE">BUJUR_DD</attalias><attrtype Sync="TRUE">Double</attrtype><attwidth Sync="TRUE">19</attwidth><atprecis Sync="TRUE">18</atprecis><attscale Sync="TRUE">8</attscale></attr><attr><attrlabl Sync="TRUE">X</attrlabl><attalias Sync="TRUE">X</attalias><attrtype Sync="TRUE">Double</attrtype><attwidth Sync="TRUE">19</attwidth><atprecis Sync="TRUE">18</atprecis><attscale Sync="TRUE">8</attscale></attr><attr><attrlabl Sync="TRUE">Y</attrlabl><attalias Sync="TRUE">Y</attalias><attrtype Sync="TRUE">Double</attrtype><attwidth Sync="TRUE">19</attwidth><atprecis Sync="TRUE">18</atprecis><attscale Sync="TRUE">8</attscale></attr><attr><attrlabl Sync="TRUE">Z</attrlabl><attalias Sync="TRUE">Z</attalias><attrtype Sync="TRUE">Double</attrtype><attwidth Sync="TRUE">19</attwidth><atprecis Sync="TRUE">18</atprecis><attscale Sync="TRUE">8</attscale></attr><attr><attrlabl Sync="TRUE">SIGMAX</attrlabl><attalias Sync="TRUE">SIGMAX</attalias><attrtype Sync="TRUE">Double</attrtype><attwidth Sync="TRUE">19</attwidth><atprecis Sync="TRUE">18</atprecis><attscale Sync="TRUE">8</attscale></attr><attr><attrlabl Sync="TRUE">SIGMAY</attrlabl><attalias Sync="TRUE">SIGMAY</attalias><attrtype Sync="TRUE">Double</attrtype><attwidth Sync="TRUE">19</attwidth><atprecis Sync="TRUE">18</atprecis><attscale Sync="TRUE">8</attscale></attr><attr><attrlabl Sync="TRUE">SIGMAZ</attrlabl><attalias Sync="TRUE">SIGMAZ</attalias><attrtype Sync="TRUE">Double</attrtype><attwidth Sync="TRUE">19</attwidth><atprecis Sync="TRUE">18</atprecis><attscale Sync="TRUE">8</attscale></attr><attr><attrlabl Sync="TRUE">PROVINSI</attrlabl><attalias Sync="TRUE">PROVINSI</attalias><attrtype Sync="TRUE">String</attrtype><attwidth Sync="TRUE">254</attwidth><atprecis Sync="TRUE">0</atprecis><attscale Sync="TRUE">0</attscale></attr><attr><attrlabl Sync="TRUE">KABUPATEN</attrlabl><attalias Sync="TRUE">KABUPATEN</attalias><attrtype Sync="TRUE">String</attrtype><attwidth Sync="TRUE">254</attwidth><atprecis Sync="TRUE">0</atprecis><attscale Sync="TRUE">0</attscale></attr><attr><attrlabl Sync="TRUE">KECAMATAN</attrlabl><attalias Sync="TRUE">KECAMATAN</attalias><attrtype Sync="TRUE">String</attrtype><attwidth Sync="TRUE">254</attwidth><atprecis Sync="TRUE">0</atprecis><attscale Sync="TRUE">0</attscale></attr><attr><attrlabl Sync="TRUE">DESA_KELUR</attrlabl><attalias Sync="TRUE">DESA_KELUR</attalias><attrtype Sync="TRUE">String</attrtype><attwidth Sync="TRUE">254</attwidth><atprecis Sync="TRUE">0</atprecis><attscale Sync="TRUE">0</attscale></attr><attr><attrlabl Sync="TRUE">MENONJOL</attrlabl><attalias Sync="TRUE">MENONJOL</attalias><attrtype Sync="TRUE">String</attrtype><attwidth Sync="TRUE">254</attwidth><atprecis Sync="TRUE">0</atprecis><attscale Sync="TRUE">0</attscale></attr><attr><attrlabl Sync="TRUE">LOKASI</attrlabl><attalias Sync="TRUE">LOKASI</attalias><attrtype Sync="TRUE">String</attrtype><attwidth Sync="TRUE">254</attwidth><atprecis Sync="TRUE">0</atprecis><attscale Sync="TRUE">0</attscale></attr><attr><attrlabl Sync="TRUE">URAIAN_LOK</attrlabl><attalias Sync="TRUE">URAIAN_LOK</attalias><attrtype Sync="TRUE">String</attrtype><attwidth Sync="TRUE">254</attwidth><atprecis Sync="TRUE">0</atprecis><attscale Sync="TRUE">0</attscale></attr><attr><attrlabl Sync="TRUE">AKSES_LOKA</attrlabl><attalias Sync="TRUE">AKSES_LOKA</attalias><attrtype Sync="TRUE">String</attrtype><attwidth Sync="TRUE">254</attwidth><atprecis Sync="TRUE">0</atprecis><attscale Sync="TRUE">0</attscale></attr><attr><attrlabl Sync="TRUE">REMARK</attrlabl><attalias Sync="TRUE">REMARK</attalias><attrtype Sync="TRUE">String</attrtype><attwidth Sync="TRUE">254</attwidth><atprecis Sync="TRUE">0</atprecis><attscale Sync="TRUE">0</attscale></attr><attr><attrlabl Sync="TRUE">VX</attrlabl><attalias Sync="TRUE">VX</attalias><attrtype Sync="TRUE">Double</attrtype><attwidth Sync="TRUE">19</attwidth><atprecis Sync="TRUE">18</atprecis><attscale Sync="TRUE">8</attscale></attr><attr><attrlabl Sync="TRUE">VY</attrlabl><attalias Sync="TRUE">VY</attalias><attrtype Sync="TRUE">Double</attrtype><attwidth Sync="TRUE">19</attwidth><atprecis Sync="TRUE">18</atprecis><attscale Sync="TRUE">8</attscale></attr><attr><attrlabl Sync="TRUE">VZ</attrlabl><attalias Sync="TRUE">VZ</attalias><attrtype Sync="TRUE">Double</attrtype><attwidth Sync="TRUE">19</attwidth><atprecis Sync="TRUE">18</atprecis><attscale Sync="TRUE">8</attscale></attr><attr><attrlabl Sync="TRUE">VU</attrlabl><attalias Sync="TRUE">VU</attalias><attrtype Sync="TRUE">Double</attrtype><attwidth Sync="TRUE">19</attwidth><atprecis Sync="TRUE">18</atprecis><attscale Sync="TRUE">8</attscale></attr><attr><attrlabl Sync="TRUE">VT</attrlabl><attalias Sync="TRUE">VT</attalias><attrtype Sync="TRUE">Double</attrtype><attwidth Sync="TRUE">19</attwidth><atprecis Sync="TRUE">18</atprecis><attscale Sync="TRUE">8</attscale></attr><attr><attrlabl Sync="TRUE">VV</attrlabl><attalias Sync="TRUE">VV</attalias><attrtype Sync="TRUE">Double</attrtype><attwidth Sync="TRUE">19</attwidth><atprecis Sync="TRUE">18</atprecis><attscale Sync="TRUE">8</attscale></attr><attr><attrlabl Sync="TRUE">PILAR</attrlabl><attalias Sync="TRUE">PILAR</attalias><attrtype Sync="TRUE">String</attrtype><attwidth Sync="TRUE">254</attwidth><atprecis Sync="TRUE">0</atprecis><attscale Sync="TRUE">0</attscale></attr><attr><attrlabl Sync="TRUE">PENGELOLA</attrlabl><attalias Sync="TRUE">PENGELOLA</attalias><attrtype Sync="TRUE">String</attrtype><attwidth Sync="TRUE">254</attwidth><atprecis Sync="TRUE">0</atprecis><attscale Sync="TRUE">0</attscale></attr><attr><attrlabl Sync="TRUE">VAEPST</attrlabl><attalias Sync="TRUE">VAEPST</attalias><attrtype Sync="TRUE">Double</attrtype><attwidth Sync="TRUE">19</attwidth><atprecis Sync="TRUE">18</atprecis><attscale Sync="TRUE">8</attscale></attr><attr><attrlabl Sync="TRUE">LINTANG_DE</attrlabl><attalias Sync="TRUE">LINTANG_DE</attalias><attrtype Sync="TRUE">Double</attrtype><attwidth Sync="TRUE">19</attwidth><atprecis Sync="TRUE">18</atprecis><attscale Sync="TRUE">8</attscale></attr><attr><attrlabl Sync="TRUE">LINTANG_ME</attrlabl><attalias Sync="TRUE">LINTANG_ME</attalias><attrtype Sync="TRUE">Double</attrtype><attwidth Sync="TRUE">19</attwidth><atprecis Sync="TRUE">18</atprecis><attscale Sync="TRUE">8</attscale></attr><attr><attrlabl Sync="TRUE">LINTANG__1</attrlabl><attalias Sync="TRUE">LINTANG__1</attalias><attrtype Sync="TRUE">Double</attrtype><attwidth Sync="TRUE">19</attwidth><atprecis Sync="TRUE">18</atprecis><attscale Sync="TRUE">8</attscale></attr><attr><attrlabl Sync="TRUE">LINTANG_NS</attrlabl><attalias Sync="TRUE">LINTANG_NS</attalias><attrtype Sync="TRUE">String</attrtype><attwidth Sync="TRUE">254</attwidth><atprecis Sync="TRUE">0</atprecis><attscale Sync="TRUE">0</attscale></attr><attr><attrlabl Sync="TRUE">BUJUR_DERA</attrlabl><attalias Sync="TRUE">BUJUR_DERA</attalias><attrtype Sync="TRUE">Double</attrtype><attwidth Sync="TRUE">19</attwidth><atprecis Sync="TRUE">18</atprecis><attscale Sync="TRUE">8</attscale></attr><attr><attrlabl Sync="TRUE">BUJUR_MENI</attrlabl><attalias Sync="TRUE">BUJUR_MENI</attalias><attrtype Sync="TRUE">Double</attrtype><attwidth Sync="TRUE">19</attwidth><atprecis Sync="TRUE">18</atprecis><attscale Sync="TRUE">8</attscale></attr><attr><attrlabl Sync="TRUE">BUJUR_DETI</attrlabl><attalias Sync="TRUE">BUJUR_DETI</attalias><attrtype Sync="TRUE">Double</attrtype><attwidth Sync="TRUE">19</attwidth><atprecis Sync="TRUE">18</atprecis><attscale Sync="TRUE">8</attscale></attr><attr><attrlabl Sync="TRUE">BUJUR_EW</attrlabl><attalias Sync="TRUE">BUJUR_EW</attalias><attrtype Sync="TRUE">String</attrtype><attwidth Sync="TRUE">254</attwidth><atprecis Sync="TRUE">0</atprecis><attscale Sync="TRUE">0</attscale></attr><attr><attrlabl Sync="TRUE">SKETSA_UMU</attrlabl><attalias Sync="TRUE">SKETSA_UMU</attalias><attrtype Sync="TRUE">String</attrtype><attwidth Sync="TRUE">254</attwidth><atprecis Sync="TRUE">0</atprecis><attscale Sync="TRUE">0</attscale></attr><attr><attrlabl Sync="TRUE">FOTO_BOX</attrlabl><attalias Sync="TRUE">FOTO_BOX</attalias><attrtype Sync="TRUE">String</attrtype><attwidth Sync="TRUE">254</attwidth><atprecis Sync="TRUE">0</atprecis><attscale Sync="TRUE">0</attscale></attr><attr><attrlabl Sync="TRUE">FOTO_PILAR</attrlabl><attalias Sync="TRUE">FOTO_PILAR</attalias><attrtype Sync="TRUE">String</attrtype><attwidth Sync="TRUE">254</attwidth><atprecis Sync="TRUE">0</atprecis><attscale Sync="TRUE">0</attscale></attr><attr><attrlabl Sync="TRUE">FOTO_KANTO</attrlabl><attalias Sync="TRUE">FOTO_KANTO</attalias><attrtype Sync="TRUE">String</attrtype><attwidth Sync="TRUE">254</attwidth><atprecis Sync="TRUE">0</atprecis><attscale Sync="TRUE">0</attscale></attr><attr><attrlabl Sync="TRUE">PERAWATAN_</attrlabl><attalias Sync="TRUE">PERAWATAN_</attalias><attrtype Sync="TRUE">String</attrtype><attwidth Sync="TRUE">254</attwidth><atprecis Sync="TRUE">0</atprecis><attscale Sync="TRUE">0</attscale></attr><attr><attrlabl Sync="TRUE">SURVEYOR</attrlabl><attalias Sync="TRUE">SURVEYOR</attalias><attrtype Sync="TRUE">String</attrtype><attwidth Sync="TRUE">254</attwidth><atprecis Sync="TRUE">0</atprecis><attscale Sync="TRUE">0</attscale></attr><attr><attrlabl Sync="TRUE">PEMERIKSA</attrlabl><attalias Sync="TRUE">PEMERIKSA</attalias><attrtype Sync="TRUE">String</attrtype><attwidth Sync="TRUE">254</attwidth><atprecis Sync="TRUE">0</atprecis><attscale Sync="TRUE">0</attscale></attr><attr><attrlabl Sync="TRUE">REC</attrlabl><attalias Sync="TRUE">REC</attalias><attrtype Sync="TRUE">String</attrtype><attwidth Sync="TRUE">254</attwidth><atprecis Sync="TRUE">0</atprecis><attscale Sync="TRUE">0</attscale></attr><attr><attrlabl Sync="TRUE">ANT</attrlabl><attalias Sync="TRUE">ANT</attalias><attrtype Sync="TRUE">String</attrtype><attwidth Sync="TRUE">254</attwidth><atprecis Sync="TRUE">0</atprecis><attscale Sync="TRUE">0</attscale></attr><attr><attrlabl Sync="TRUE">RADOME</attrlabl><attalias Sync="TRUE">RADOME</attalias><attrtype Sync="TRUE">String</attrtype><attwidth Sync="TRUE">254</attwidth><atprecis Sync="TRUE">0</atprecis><attscale Sync="TRUE">0</attscale></attr><attr><attrlabl Sync="TRUE">HANT</attrlabl><attalias Sync="TRUE">HANT</attalias><attrtype Sync="TRUE">Double</attrtype><attwidth Sync="TRUE">19</attwidth><atprecis Sync="TRUE">18</atprecis><attscale Sync="TRUE">8</attscale></attr><attr><attrlabl Sync="TRUE">COMM</attrlabl><attalias Sync="TRUE">COMM</attalias><attrtype Sync="TRUE">String</attrtype><attwidth Sync="TRUE">254</attwidth><atprecis Sync="TRUE">0</atprecis><attscale Sync="TRUE">0</attscale></attr><attr><attrlabl Sync="TRUE">THNPMN</attrlabl><attalias Sync="TRUE">THNPMN</attalias><attrtype Sync="TRUE">Double</attrtype><attwidth Sync="TRUE">19</attwidth><atprecis Sync="TRUE">18</atprecis><attscale Sync="TRUE">8</attscale></attr><attr><attrlabl Sync="TRUE">KET_ANT</attrlabl><attalias Sync="TRUE">KET_ANT</attalias><attrtype Sync="TRUE">String</attrtype><attwidth Sync="TRUE">254</attwidth><atprecis Sync="TRUE">0</atprecis><attscale Sync="TRUE">0</attscale></attr><attr><attrlabl Sync="TRUE">TGL_UPDATE</attrlabl><attalias Sync="TRUE">TGL_UPDATE</attalias><attrtype Sync="TRUE">Date</attrtype><attwidth Sync="TRUE">8</attwidth><atprecis Sync="TRUE">0</atprecis><attscale Sync="TRUE">0</attscale></attr><attr><attrlabl Sync="TRUE">SHAPE</attrlabl><attalias Sync="TRUE">Shape</attalias><attrtype Sync="TRUE">Geometry</attrtype><attwidth Sync="TRUE">0</attwidth><atprecis Sync="TRUE">0</atprecis><attscale Sync="TRUE">0</attscale><attrdef Sync="TRUE">Feature geometry.</attrdef><attrdefs Sync="TRUE">Esri</attrdefs><attrdomv><udom Sync="TRUE">Coordinates defining the features.</udom></attrdomv></attr></detailed></eainfo><mdDateSt Sync="TRUE">20221225</mdDateSt></metadata>
